Workbook
Name ZivotniMinimum: Parametry!$B$5
Name EnergetickyPausal: Parametry!$B$7
Name NormativniNajemne: Parametry!$B$6

Sheet Nezabavitelná částka
A1: Výpočet srážek ze mzdy (2026) – nezabavitelná částka a srážka
D2: Bílé buňky = vyplňte ručně
A3: VSTUPNÍ ÚDAJE | D3: Poznámky
A4: Čistá mzda (Kč) | B4: 35000 | D4: Výpočet dle pravidel od 1.1.2026: základ = 85 % × (ŽM + normativní nájemné + energetický paušál).
A5: Počet nezaopatřených dětí (vyživované osoby) | B5: 2 | D5: Limit plně zabavitelného zbytku: 1,9 × (ŽM + normativní nájemné + energetický paušál).
A6: Započíst manžela/manželku? (1=ANO, 0=NE) – jen dle výjimky od 2025 | B6: 0 | D6: Vyživovaná osoba: od 1.1.2025 se manžel/ka NEzapočítává automaticky; jen při zákonné výjimce.
A7: Počet dalších vyživovaných osob (jiné než děti a manžel/ka) | B7: 0
A8: Přednostní pohledávka? (1=ANO, 0=NE) | B8: 0
A10: VÝPOČET A VÝSLEDKY
A12: Součet tří složek (ŽM + normativní nájemné + energetický paušál) | B12: =ZivotniMinimum+NormativniNajemne+EnergetickyPausal -> 16590 | H12: 0
A13: Základ na dlužníka = 85 % ze součtu (Kč) | B13: =0.85*B12 -> 14101.5
A14: Počet vyživovaných osob (děti + manžel/ka dle výjimky + jiné) | B14: =B5+B6+B7 -> 2
A15: Nezabavitelná částka na vyživované osoby = 1/4 ze základu × počet | B15: =0.25*B13*B14 -> 7050.75
A16: Nezabavitelná částka CELKEM (dlužník + vyživované) | B16: =B13+B15 -> 21152.25
A17: Zbytek čisté mzdy po odečtení nezabavitelné (R) | B17: =MAX(0,B4-B16)-Insolvence!B31 -> 13847.75
A18: Limit plně zabavitelného zbytku = 1,9 × součet tří složek | B18: =1.9*B12 -> 31521
A19: Plně zabavitelná část (nad limit) | B19: =MAX(0,B17-B18) -> 0
A20: Dělitelná část pro třetiny | B20: =B17-B19 -> 13847.75
A21: Jedna třetina (zaokrouhleno dolů na celé Kč) | B21: =INT(B20/3) -> 4615
A23: Srážka u NEPŘEDNOSTNÍ pohledávky | B23: =B21+B19 -> 4615
A24: Srážka u PŘEDNOSTNÍ pohledávky | B24: =2*B21+B19 -> 9230
A26: Částka k výplatě (nepřednostní) | B26: =B4-B23 -> 30385
A27: Částka k výplatě (přednostní) | B27: =B4-B24 -> 25770
A29: Srážka podle zadaného typu (B8) | B29: =IF(B8=1,B24,B23) -> 4615
A30: Částka k výplatě podle zadaného typu | B30: =B4-B29 -> 30385

Sheet Insolvence
A1: INSOLVENCE – výpočet měsíční splátky do oddlužení (2026)
A3: VSTUP
A5: Společné oddlužení manželů? (1=ANO, 0=NE) | B5: 0
A6: Odměna insolvenčního správce (jednotlivec, Kč/měsíc) | B6: 1089
A7: Odměna insolvenčního správce (manželé, Kč/měsíc) | B7: 1633.5
A9: PŘEVZATÉ HODNOTY (z listu Vstup a výstup)
A11: Nezabavitelná částka CELKEM (B16) | B11: ='Nezabavitelná částka'!B16 -> 21152.25
A12: Zbytek čisté mzdy po odečtení nezabavitelné R (B17) | B12: ='Nezabavitelná částka'!B17 -> 13847.75
A13: Plně zabavitelná část (B19) | B13: ='Nezabavitelná částka'!B19 -> 0
A14: Jedna třetina (B21) | B14: ='Nezabavitelná částka'!B21 -> 4615
A15: Srážka jako u přednostní pohledávky (B24) | B15: ='Nezabavitelná částka'!B24 -> 9230
A17: VÝPOČET SPLÁTKY
A19: Odměna IS použitá podle režimu | B19: =IF(B5=1,B7,B6) -> 1089
A20: Měsíční splátka před odměnou IS | B20: =B15 -> 9230
A21: Měsíční splátka po odečtení odměny IS (K) | B21: =MAX(0,B20-B19) -> 8141
A23: ORIENTAČNÍ ODHAD Uspokojení věřitelů
A25: Odhad celkového dluhu nezajištěných (Kč) | B25: 1
A26: Počet měsíců splácení (obvykle 60) | B26: 36
A27: Odhad % uspokojení nezajištěných | B27: =IF(B25>0,MIN(100,(B35*B26)/B25*100),"")/100 -> 1
A29: Vyživovací povinnost
A31: Běžné výživné (měsíčně; vzniklé po rozhodnutí o úpadku) | B31: 0
A33: K dispozici po odečtu IS (K) | B33: =B21 -> 8141
A34: Úhrada běžného výživného | B34: =MIN(B31,B33) -> 0
A35: Zůstatek po běžném výživném | B35: =MAX(0,B33-B34) -> 8141

Sheet Kontrola
A1: Kontrola vzorců – nalezeno problémů: 0
A2: List | B2: Buňka | C2: Vzorec | D2: Stav | E2: Poznámka
A3: Vstup a výstup | B3: B12 | C3: =ZivotniMinimum+NormativniNajemne+EnergetickyPausal -> 16590 | D3: OK
A4: Vstup a výstup | B4: B13 | C4: =0.85*B12 -> #VALUE! | D4: OK
A5: Vstup a výstup | B5: B14 | C5: =B5+B6+B7 -> #VALUE! | D5: OK
A6: Vstup a výstup | B6: B15 | C6: =0.25*B13*B14 -> #VALUE! | D6: OK
A7: Vstup a výstup | B7: B16 | C7: =B13+B15 -> #VALUE! | D7: OK
A8: Vstup a výstup | B8: B17 | C8: =MAX(0,B4-B16) -> #VALUE! | D8: OK
A9: Vstup a výstup | B9: B18 | C9: =1.9*B12 -> #VALUE! | D9: OK
A10: Vstup a výstup | B10: B19 | C10: =MAX(0,B17-B18) -> #VALUE! | D10: OK
A11: Vstup a výstup | B11: B20 | C11: =B17-B19 -> #VALUE! | D11: OK
A12: Vstup a výstup | B12: B21 | C12: =INT(B20/3) -> #VALUE! | D12: OK
A13: Vstup a výstup | B13: B23 | C13: =B21+B19 -> #VALUE! | D13: OK
A14: Vstup a výstup | B14: B24 | C14: =2*B21+B19 -> #VALUE! | D14: OK
A15: Vstup a výstup | B15: B26 | C15: =B4-B23 -> #VALUE! | D15: OK
A16: Vstup a výstup | B16: B27 | C16: =B4-B24 -> #VALUE! | D16: OK
A17: Vstup a výstup | B17: B29 | C17: =IF(B8=1,B24,B23) -> B15 | D17: OK
A18: Vstup a výstup | B18: B30 | C18: =B4-B29 -> #VALUE! | D18: OK
A19: Insolvence | B19: B11 | C19: ='Nezabavitelná částka'!B16 -> 21152.25 | D19: OK
A20: Insolvence | B20: B12 | C20: ='Nezabavitelná částka'!B17 -> 13847.75 | D20: OK
A21: Insolvence | B21: B13 | C21: ='Nezabavitelná částka'!B19 -> 0 | D21: OK
A22: Insolvence | B22: B14 | C22: ='Nezabavitelná částka'!B21 -> 4615 | D22: OK
A23: Insolvence | B23: B15 | C23: ='Nezabavitelná částka'!B24 -> 9230 | D23: OK
A24: Insolvence | B24: B19 | C24: =IF(B5=1,B7,B6) -> B15 | D24: OK
A25: Insolvence | B25: B20 | C25: =B15 -> B26 | D25: OK
A26: Insolvence | B26: B21 | C26: =MAX(0,B20-B19) -> #VALUE! | D26: OK
A27: Insolvence | B27: B27 | C27: =IF(B25>0,MIN(100,(B48*B26)/B25*100),"") -> #VALUE! | D27: OK
A28: Insolvence | B28: B37 | C28: =B21 -> B13 | D28: OK
A29: Insolvence | B29: B38 | C29: =MIN(B31,B37) -> 0 | D29: OK
A30: Insolvence | B30: B39 | C30: =MAX(0,B37-B38) -> #VALUE! | D30: OK
A31: Insolvence | B31: B40 | C31: =MIN(B32,B39) -> 0 | D31: OK
A32: Insolvence | B32: B41 | C32: =MAX(0,B39-B40) -> #VALUE! | D32: OK
A33: Insolvence | B33: B42 | C33: =MIN(B33,B41) -> 0 | D33: OK
A34: Insolvence | B34: B43 | C34: =MAX(0,B41-B42) -> 0 | D34: OK
A35: Insolvence | B35: B44 | C35: =MIN(B34,B43) -> 0 | D35: OK
A36: Insolvence | B36: B45 | C36: =MAX(0,B43-B44) -> 0 | D36: OK
A37: Insolvence | B37: B46 | C37: =MIN(B35,B45) -> 0 | D37: OK
A38: Insolvence | B38: B47 | C38: =MAX(0,B45-B46) -> 0 | D38: OK
A39: Insolvence | B39: B48 | C39: =B47 | D39: OK
A40: Insolvence | B40: B49 | C40: =B38+B40+B42+B44+B46+B48 -> #VALUE! | D40: OK

Sheet Parametry
A1: Parametry (lze upravit při změně právních částek)
D2: Zelené buňky = vyplňte ručně
A3: POZN.: Částky lze kdykoli upravit (např. změna ŽM od 1.10.2026).
A5: Životní minimum jednotlivce (Kč) | B5: 4860
A6: Normativní nájemné – 1 osoba, obec ≥70k (Kč) | B6: 9430
A7: Energetický paušál – 1 osoba (Kč) | B7: 2300
